﻿<?xml version="1.0" encoding="UTF-8"?>

<configuration debug="false">
<!--定义日志文件的存储地址 勿在 LogBack 的配置中使用相对路径-->
<property name="LOG_HOME" value="D:/Assheadlog" />
<property name="CONSOLE_LOG_PATTERN"
value="%yellow(%date{yyyy-MM-dd HH:mm:ss}) |%highlight(%-5level) |%blue(%thread) |%blue(%file:%line) |%green(%logger) |%cyan(%msg%n)"/>


<!-- 控制台输出 -->
<appender name="STDOUT" class="ch.qos.logback.core.ConsoleAppender">
    <!-- 彩色日志格式 -->
    <!-- <withJansi>true</withJansi> -->
<encoder class="ch.qos.logback.classic.encoder.PatternLayoutEncoder">
<pattern>%d{yyyy-MM-dd HH:mm:ss.SSS} [%thread]  %highlight([%-5level])  %cyan(%logger{50}) - %msg%n</pattern>
<!-- <pattern>${CONSOLE_LOG_PATTERN}</pattern> -->
</encoder>

<filter class="ch.qos.logback.core.filter.EvaluatorFilter">
	<evaluator>
		<expression>formattedMessage.contains("billing")</expression>
	</evaluator>
	<OnMismatch>NEUTRAL</OnMismatch><!--表示通过本次过滤器，剩余过滤器会接着处理记录事件-->
	<OnMatch>DENY</OnMatch>
</filter>

<!-- filter过滤器，日志等级只能是INFO级别才会打印 -->
<!-- class="ch.qos.logback.classic.filter.LevelFilter" 级别过滤器  只能识别某一level-->
<!-- class="ch.qos.logback.classic.filter.ThresholdFilter" 临界值过滤器   识别大于或等于某一level-->
<filter class="ch.qos.logback.classic.filter.LevelFilter">
	<level>INFO</level>
    <onMatch>ACCEPT</onMatch><!--表示立即打印，无需再经过剩余的过滤器-->
    <onMismatch>DENY</onMismatch><!--表示拒绝打印这条日志-->
</filter>
</appender>


<!-- 输出到硬盘固定文件 -->
<appender name="FILEAPP" class="ch.qos.logback.core.FileAppender">  
    <file>${LOG_HOME}/TestFile.log</file>  
    <append>true</append> <!-- 新增的日志追加到文件结尾 --> 
    <prudent>false</prudent> <!-- 不使用prudent模式 -->
    <encoder>  
        <pattern>%-4relative [%thread] %-5level %logger{35} - %msg%n</pattern>  
    </encoder>  
</appender> 



<!-- 按照每天滚动生成日志文件 -->
<appender name="FILE" class="ch.qos.logback.core.rolling.RollingFileAppender">	
<file>${LOG_HOME}/server.log</file>
<append>true</append>  
<prudent>false</prudent>
<rollingPolicy class="ch.qos.logback.core.rolling.TimeBasedRollingPolicy">
<!--日志文件输出的文件名-->
<FileNamePattern>${LOG_HOME}/server-%d{yyyy-MM-dd-HH-mm}.log</FileNamePattern>
<!--日志文件保留天数-->
<MaxHistory>30</MaxHistory>
</rollingPolicy>
<encoder class="ch.qos.logback.classic.encoder.PatternLayoutEncoder">
<!--格式化输出：%d表示日期，%thread表示线程名，%-5level：级别从左显示5个字符宽度 %msg：日志消息，%n是换行符-->
<pattern>%d{yyyy-MM-dd HH:mm:ss.SSS} [%thread] %-5level %logger{50} - %msg%n</pattern>
<charset>UTF-8</charset>
</encoder>
<!-- class="ch.qos.logback.classic.filter.ThresholdFilter" 临界值过滤器   识别大于或等于某一level-->
<filter class="ch.qos.logback.classic.filter.ThresholdFilter">
	<level>INFO</level>
</filter>
</appender>


<!-- 按照每天滚动生成日志文件，并配合文件大小触发器，分隔文件 -->
<!-- 但是分隔的文件，没有数量限制，会一直分隔，无法像FixedWindowRollingPolicy一样使用maxIndex来作限制 -->
<appender name="SizeFile" class="ch.qos.logback.core.rolling.RollingFileAppender">
<rollingPolicy class="ch.qos.logback.core.rolling.TimeBasedRollingPolicy">
<!--日志文件输出的文件名-->
<FileNamePattern>${LOG_HOME}/TestWeb.log.%d{yyyy-MM-dd}-%i.log</FileNamePattern>
<!--日志文件保留天数-->
<MaxHistory>30</MaxHistory>
<!--使用SizeAndTimeBasedFNATP实现，可以看一下TimeBasedRollingPolicy源码中对应timeBasedFileNamingAndTriggeringPolicy的类型，根据类型确定需要使用的class类-->
<timeBasedFileNamingAndTriggeringPolicy class="ch.qos.logback.core.rolling.SizeAndTimeBasedFNATP">
	<maxFileSize>1kb</maxFileSize>
</timeBasedFileNamingAndTriggeringPolicy>
</rollingPolicy>
<encoder class="ch.qos.logback.classic.encoder.PatternLayoutEncoder">
<!-- 格式化输出：%d表示日期，%thread表示线程名，%-5level：级别从左显示5个字符宽度 %msg：日志消息，%n是换行符 -->
<pattern>%d{yyyy-MM-dd HH:mm:ss.SSS} [%thread] %-5level %logger{50} - %msg%n</pattern>
</encoder>
</appender>


<!-- rollingPolicy对应是索引滚动策略的日志文件定义： -->
<!-- 最新的备份文件是第一个index文件，也就是1，第一次滚动，生成test-1.log，第二次滚动时会将之前的test-1.log文件修改成test-2.log
，将最新生成的日志文件命名为test-1.log，
如果又生成新的备份文件但是文件数量超出了maxindex，
那么就会删掉第maxindex个文件，并将原有文件的index都+1，也就是文件名testIndex-1会变成testIndex-2，
以此类推，此时生成的新的备份文件的index为1. -->
<appender name="IndexFile"  class="ch.qos.logback.core.rolling.RollingFileAppender">
<file>${LOG_HOME}/testIndex.log</file>
	<encoder>
    	<pattern>%d{yyyy-MM-dd HH:mm:ss.SSS} [%thread] %-5level %logger{50} - %msg%n</pattern>
    </encoder>
<!-- 设置为按照索引的方式滚动，定义文件名称的时候使用%i作为占位符，滚动后会会用角标替换 -->
<rollingPolicy class="ch.qos.logback.core.rolling.FixedWindowRollingPolicy">
    <fileNamePattern>${LOG_HOME}/testIndex-%i.log</fileNamePattern>
    <minIndex>1</minIndex>
    <maxIndex>3</maxIndex>
</rollingPolicy>
<!-- 指定文件最大尺寸，达到该尺寸，就触发rollingPolicy对应的策略，maxFileSize属性指定文件大小 -->
<triggeringPolicy class="ch.qos.logback.core.rolling.SizeBasedTriggeringPolicy">
	<maxFileSize>1kb</maxFileSize>
</triggeringPolicy>
</appender>



<!-- 按照每天滚动生成异常日志文件 -->
<appender name="ERROR" class="ch.qos.logback.core.rolling.RollingFileAppender">	
<file>${LOG_HOME}/error.log</file>
<append>true</append>  
<prudent>false</prudent>
<rollingPolicy class="ch.qos.logback.core.rolling.TimeBasedRollingPolicy">
<!--日志文件输出的文件名-->
<FileNamePattern>${LOG_HOME}/error-%d{yyyy-MM-dd}.log</FileNamePattern>
<!--日志文件保留天数-->
<MaxHistory>30</MaxHistory>
</rollingPolicy>
<encoder class="ch.qos.logback.classic.encoder.PatternLayoutEncoder">
<!--格式化输出：%d表示日期，%thread表示线程名，%-5level：级别从左显示5个字符宽度 %msg：日志消息，%n是换行符-->
<pattern>%d{yyyy-MM-dd HH:mm:ss.SSS} [%thread] %-5level %logger{50} - %msg%n</pattern>
</encoder>
<!-- 只打印错误日志 -->
<filter class="ch.qos.logback.classic.filter.LevelFilter">
        <level>ERROR</level>  
        <onMatch>ACCEPT</onMatch>  
        <onMismatch>DENY</onMismatch>  
</filter>  
</appender>




<!-- 日志输出级别  级别排序为： TRACE < DEBUG < INFO < WARN < ERROR < ALL < OFF < INHERITED < NULL-->
<root level="INFO">
<appender-ref ref="STDOUT" />
<appender-ref ref="FILE"/>
<appender-ref ref="ERROR"/> 
</root>

<logger name="com.doak.logbackPrjDemo.controller" level="INFO" additivity="true">
	<appender-ref ref="FILE"/>
</logger>


<!-- 日志输出等级高于或等于level的才能输出 ;additivity表示是否向上级输出日志，默认为true，表示上级也会输出日志-->
  <logger name="com.doak.logbackPrjDemo.controller.UserController" level="INFO" additivity="true">
  	<appender-ref ref="STDOUT"/>
  	<appender-ref ref="IndexFile"/>
	<!--<appender-ref ref="FILE"/>
	<appender-ref ref="SizeFile"/>
	<appender-ref ref="FILEAPP"/> -->
</logger> 

</configuration>